relative_path,extension,size_bytes,sha256,scope_candidate,scope_basis,format_probe,sample_detail,duplicate_of
005.周惠新玄宗六爻卦例100例88页\15周惠新玄宗六爻卦例100例88页.pdf,.pdf,45737591,dc9c1bbdb6931d7b9f60fdaaaab48124f574f4128efa16d42ef52074fd5d012f,liuyao_title,filename_only,pdf_text_sample,"pages=88;sample_pages=1,45,88;nonspace_chars=42,42,42",
03、杨军《六爻结构预测学》160页【藏籍阁微信：13159996769】.pdf,.pdf,59533901,74c91302bf8bc68397abaa9bae95e4112e9c66b0b83ffc96e978df6df105ca66,liuyao_title,filename_only,pdf_no_text_in_sample,"pages=160;sample_pages=1,81,160;nonspace_chars=0,0,0",
15周惠新玄宗六爻卦例100例88页.pdf,.pdf,45737591,dc9c1bbdb6931d7b9f60fdaaaab48124f574f4128efa16d42ef52074fd5d012f,liuyao_title,filename_only,pdf_text_sample,"pages=88;sample_pages=1,45,88;nonspace_chars=42,42,42",005.周惠新玄宗六爻卦例100例88页\15周惠新玄宗六爻卦例100例88页.pdf
《_六爻快速推断法_》函授教程.doc,.doc,824320,7660dafd6fb3e70da49427e19a33b6d65c1c637ea0137f1813c89a5d8b95d9d5,liuyao_title,filename_only,legacy_ole_document,binary Office format; text conversion pending,
《中国摇钱古卜讲义》  .doc,.doc,602624,8d0b61771663995c66594c7879bb9881aa04da8c1d5964576e7edf6d41faa3b9,liuyao_title,filename_only,legacy_ole_document,binary Office format; text conversion pending,
《六爻归真》完整版 ..top.doc,.doc,535710,ec9c3363118cc0b1e4f8bc324cada5a829a28617d9af947504e3ae00a8e90224,liuyao_title,filename_only,legacy_ole_document,binary Office format; text conversion pending,
《六爻详真》2  ..doc,.doc,245248,fe8b605817759f2309f6b84acae243aaca2036c174dd3b30110289a1ac567c17,liuyao_title,filename_only,legacy_ole_document,binary Office format; text conversion pending,
《六爻详真》曲炜  .doc,.doc,475136,e8db79e00430d8d31875f8f8dfffde4007c49c51ff150c4c9f17750eb441488b,liuyao_title,filename_only,legacy_ole_document,binary Office format; text conversion pending,
《卦技二十法点窍》 ..txt,.txt,72708,20123f6b4f4db172f19939491184202506da7ffcec300ff9f40b872e8d5b08c1,review_title,filename_only,txt_decodable_sample,encoding_candidate=gb18030;bytes_sampled=65536,
《周易预测学》讲义..txt,.txt,100448,25fcddea758b089bdf32a057da5ddc86d06e28180d9b17a59178ea049341d582,review_title,filename_only,txt_decodable_sample,encoding_candidate=gb18030;bytes_sampled=65536,
《正宗六爻高层断解实例》  .doc,.doc,140800,f4f1dc7e57c40ecf57c068ae0756be2d8a5439f33d47a2fc508d3bc3d063301b,liuyao_title,filename_only,legacy_ole_document,binary Office format; text conversion pending,
一卦多斷卦例技法精解..pdf,.pdf,11563548,50d22797ece7c682816266fab5cf921d6460a59f2d9b864622c5b704c64579ef,liuyao_title,filename_only,pdf_text_sample,"pages=384;sample_pages=1,193,384;nonspace_chars=111,579,480",
中国摇钱古卜讲义..doc,.doc,2233856,8c73d71215c368adefc665090c4926e0f7ae266012d463330b939dcf90237222,liuyao_title,filename_only,legacy_ole_document,binary Office format; text conversion pending,
五行所属行业\五行所属行业.txt,.txt,1435,9333815f250983a0d75c309ba1a365cff1593bd6839e40780e621c139d7d8c87,review_title,filename_only,txt_decodable_sample,encoding_candidate=gb18030;bytes_sampled=1435,
五行所属行业\传统六爻断卦步骤.doc,.doc,107520,8d2454469a2901ef2590baff33a17edbd007c83f3344f0301ad13da3f29b4be1,liuyao_title,filename_only,legacy_ole_document,binary Office format; text conversion pending,
五行所属行业\六爻取用神之辩证看法.txt,.txt,3319,08862b06aea969661316c04da39e0bd45150dfd6969aeea4c44a9b529a2b792f,liuyao_title,filename_only,txt_decodable_sample,encoding_candidate=gb18030;bytes_sampled=3319,
五行所属行业\六爻取用神诀窍.txt,.txt,1687,31cafa8c2634259cb7a5f693f2ce440a47a56bb3aa3a07818023f1dc4eefa604,liuyao_title,filename_only,txt_decodable_sample,encoding_candidate=gb18030;bytes_sampled=1687,
五行所属行业\六爻妙断必杀技.doc,.doc,149504,5cb2f086bbb11c0aa0f94f8e80917c67051b7f55a384654a300102c83c60602f,liuyao_title,filename_only,legacy_ole_document,binary Office format; text conversion pending,
五行所属行业\六爻常用直断用语.txt,.txt,5249,739342dbf9276dc12e71dbe04c40992480da4c492cac973d49c27cfd627143ce,liuyao_title,filename_only,txt_decodable_sample,encoding_candidate=gb18030;bytes_sampled=5249,
五行所属行业\六爻断事提纲.txt,.txt,1918,05384017ab75a62ee4e0d5776cb014da4ce3db7e1e5a97d1622227ac2d329614,liuyao_title,filename_only,txt_decodable_sample,encoding_candidate=gb18030;bytes_sampled=1918,
五行所属行业\六爻断卦取数.txt,.txt,1818,f6c786e84ccf2ef9b56861a389a09523b150b64d548ee926184380754353c03a,liuyao_title,filename_only,txt_decodable_sample,encoding_candidate=gb18030;bytes_sampled=1818,
五行所属行业\六爻爻象详解.docx,.docx,16895,946795472cd65832c30fe631c7fc3e4e89f55554b6d008798a736eb937db2a06,liuyao_title,filename_only,docx_readable,paragraphs=253;first_50_paragraph_chars=1091,
五行所属行业\六爻的思维误区.txt,.txt,1700,eb1f450003c22f669740aa1ee770534908ccc17ca859ad82e0c31b6474771232,liuyao_title,filename_only,txt_decodable_sample,encoding_candidate=gb18030;bytes_sampled=1700,
五行所属行业\六爻金典十招（断卦必看）.txt,.txt,3797,d54ea6f2f6effa811662353fd9dc3b22184ba0486bb0f75a37a978e70acf0d09,liuyao_title,filename_only,txt_decodable_sample,encoding_candidate=gb18030;bytes_sampled=3797,
五行所属行业\六爻预测法的断卦核心.txt,.txt,2244,8cf2f31ac90fd1d17248ee31b3bae1e88033b885352770c5ef550623dabcbb4a,liuyao_title,filename_only,txt_decodable_sample,encoding_candidate=gb18030;bytes_sampled=2244,
五行所属行业\六爻高层理论卦身的应用.doc,.doc,30208,7db1d0805efe4578e66c946494586e38ffb3541a4594b0b4fd16f00770e51a96,liuyao_title,filename_only,legacy_ole_document,binary Office format; text conversion pending,
五行所属行业\六神临六亲取象.txt,.txt,10109,777319b69476a3b19c5585ddbea7a9637ffcdf893c5cb6de2603ec1d06a2f348,liuyao_title,filename_only,txt_decodable_sample,encoding_candidate=gb18030;bytes_sampled=10109,
五行所属行业\十天干长生十二宫真诀点窍.docx,.docx,41734,0049414a28a5552ce35838c644306ba06008af71f62e909b0d5b6aec33b03d7e,review_title,filename_only,docx_readable,paragraphs=222;first_50_paragraph_chars=2701,
五行所属行业\卦技二十法.doc,.doc,442880,7fe4486b8a2dae22296e67840e4ea9ba8d82f7600c43e182e762c0c2881660d1,review_title,filename_only,legacy_ole_document,binary Office format; text conversion pending,
五行所属行业\怎么算终身卦.doc,.doc,35840,c2a310a1a553ef812ae74cba5a3212b75e565e068da36765467b16699dd2f949,review_title,filename_only,legacy_ole_document,binary Office format; text conversion pending,
五行所属行业\断卦定准应期决窍.txt,.txt,1660,2ca10161e8898b663eb31a8c2ded4d975762bbb06a54cb31c3f84b012c09d61b,liuyao_title,filename_only,txt_decodable_sample,encoding_candidate=gb18030;bytes_sampled=1660,
五行所属行业\爻位取象.txt,.txt,2078,3332982ea276a7c090e6520c953e27e445c45db9af6bc92be4aa9a03a9c7d58e,liuyao_title,filename_only,txt_decodable_sample,encoding_candidate=gb18030;bytes_sampled=2078,
五行所属行业\玄空子谈卦中怎样取数字.doc,.doc,43520,5ef2714a047ae2ec8bbbc8933e4c5a6db340f3dfe283c30f96a041b14b9133b8,adjacent_title,filename_only,legacy_ole_document,binary Office format; text conversion pending,
五行所属行业\王虎应--六爻指迷.doc,.doc,455680,9e8a1381436dfaf735e92f67bf78b188d4e862c5ccac8490a0b52506b74e0390,liuyao_title,filename_only,legacy_ole_document,binary Office format; text conversion pending,
五行所属行业\生克冲合信息.doc,.doc,29696,33fdac95dc3ceb163240e1504c0eba6598581443e4c4c2b911d1c408d2b9373e,review_title,filename_only,legacy_ole_document,binary Office format; text conversion pending,
五行所属行业\终身卦集.doc,.doc,74752,56bf5dffe26e765e0017c2991998c475666fa5f6032afb5fad40a6234d695ebb,review_title,filename_only,legacy_ole_document,binary Office format; text conversion pending,
京房遗法 筮法巅峰——《易隐》高层断法破解..txt,.txt,65818,2b05d0d42cdec5f87f082513b2fa06b5a44f70e61fa2813536b8ebb36e7f84bc,review_title,filename_only,txt_decodable_sample,encoding_candidate=gb18030;bytes_sampled=65536,
六爻三大技法卦例收集.doc,.doc,192512,141d78e2bb1fb630c7f0e7af3bc38ebcc41874518e19837983cb30df9e09ca71,liuyao_title,filename_only,legacy_ole_document,binary Office format; text conversion pending,
六爻三大技法完整稿件本稿为黎光先生领悟古籍精华与规则而成..doc,.doc,362496,ff68ab58a7185076928804861b4ebe7cd97fd34c55f32227c50cb1d973882336,liuyao_title,filename_only,legacy_ole_document,binary Office format; text conversion pending,
六爻三大技法真正完整稿件..txt,.txt,145135,52eb63b3b36b87a9be624a844b2780c08971a2dfae77aa522612bcb46902bb0e,liuyao_title,filename_only,txt_encoding_review,bytes_sampled=65536,
六爻中高级班讲课记录_20200607165625.doc,.doc,294712,e4d93eaba1d8876451c81d7c133cc2141eee7f276a861285f05fb02152b4cb0f,liuyao_title,filename_only,rtf_document,RTF signature,
六爻八卦墓库的用法_附带十二长生表.doc,.doc,51200,91bd6cab7e2b04cadd6226773ae9e8437d77b4a180fb916c1a7dc18d819a9660,liuyao_title,filename_only,legacy_ole_document,binary Office format; text conversion pending,
六爻八卦高层理论_断六亲属相..doc,.doc,88064,ad403301281b0b1550f0202ccf0c6073c890ec78944ce8341b74bcae4f4f3424,liuyao_title,filename_only,legacy_ole_document,binary Office format; text conversion pending,
六爻分类占验技法王虎应 ..doc,.doc,489472,d21b9a29c30731e40d475ebf0f84fc6f0268f60dbe2fb822385f99d61425f7c1,liuyao_title,filename_only,legacy_ole_document,binary Office format; text conversion pending,
六爻卦例集锦..doc,.doc,400385,d80b9710c3de90c15c7580958233673a1c69269bf3e58932eb590e771b13c0e1,liuyao_title,filename_only,legacy_ole_document,binary Office format; text conversion pending,
六爻古籍合集：[增删卜易][卜筮正宗][卜筮大全][易林补遗][易冒][易隐][火珠林].pdf,.pdf,10465924,a9497adc18b28749436053ef8092940f4d168800b91db59770ef24eccef303a0,liuyao_title,filename_only,pdf_text_sample,"pages=1517;sample_pages=1,759,1517;nonspace_chars=1032,752,758",
六爻地支六亲属性.doc,.doc,9220096,31703da3298305c7138d20d261396502eae39903fa6574d14ec9052a311d26ad,liuyao_title,filename_only,legacy_ole_document,binary Office format; text conversion pending,
六爻多重取象..doc,.doc,331264,7f735b91fdc66eedcac5d26a6027a0d6588ff6605dd635d80d2286553c71894d,liuyao_title,filename_only,legacy_ole_document,binary Office format; text conversion pending,
六爻择吉法..doc,.doc,43008,17031a7881ce9c5764b46e9372317d6f62a61035c1f76f0566447097be4dc5fa,liuyao_title,filename_only,legacy_ole_document,binary Office format; text conversion pending,
六爻断卦技法-断卦技法与实例分析..doc,.doc,63488,8eaab430b7572725bd6603aa27dc546c78edae150bfca93bc268b76b3143ba78,liuyao_title,filename_only,legacy_ole_document,binary Office format; text conversion pending,
六爻断卦技法..txt,.txt,27699,69b580d5b3dfa4c5ea2a8603fb8891877bf547bf0cce5197ce81447d910a5cc9,liuyao_title,filename_only,txt_decodable_sample,encoding_candidate=gb18030;bytes_sampled=27699,
六爻断卦技法.doc,.doc,85504,23d38b327a586188a0078805ad639954ea3e47062bd6662fa79231aca204908f,liuyao_title,filename_only,legacy_ole_document,binary Office format; text conversion pending,
六爻断卦技法.txt,.txt,27886,fd45fbed3007a3e3af77d70aa192f77d87592048d4ae85e5b37b8c4077086dab,liuyao_title,filename_only,txt_decodable_sample,encoding_candidate=gb18030;bytes_sampled=27886,
六爻断流年秘籍 曲炜 ..doc,.doc,101376,714bca48b6280375c4b44b68a69cb0397a03631d54e175ba2abe6ec5071e64d0,liuyao_title,filename_only,legacy_ole_document,binary Office format; text conversion pending,
六爻正道2009【2009书面文字版，133页】张德..doc,.doc,584192,ae727a449c9eee1b471614aa28271a3c3afd16fa53353d778a30c171497c94a2,liuyao_title,filename_only,legacy_ole_document,binary Office format; text conversion pending,
六爻特训班j讲义..doc,.doc,717824,9fffd417895ff03a7b7b398739a4ddd2a61967a0a838f0c9f6de585bf34cbf61,liuyao_title,filename_only,legacy_ole_document,binary Office format; text conversion pending,
六爻特训班讲义 曲炜(2)  ..doc,.doc,333312,3aae360a850036f30b88ddc40ffaeb8f014261d4c3f5d28c57c5c5853fc22ada,liuyao_title,filename_only,legacy_ole_document,binary Office format; text conversion pending,
六爻特训班讲义 曲炜1 .txt,.txt,554630,a76b03f471fe1e07be396b42d66f0d7914168307cda6d7a491b2f7c074655780,liuyao_title,filename_only,txt_decodable_sample,encoding_candidate=utf-8-sig;bytes_sampled=65536,
六爻特训班讲义 曲炜1)  ..doc,.doc,954368,f775e7d0de46b2ccfe574b5210d087ed8b95595dc22d9f876bd910c201e4cd48,liuyao_title,filename_only,legacy_ole_document,binary Office format; text conversion pending,
六爻特训班讲义 曲炜2 - 渤海散人 MySpace聚友博客.txt,.txt,187943,859f6bf05787ae20c14057104440d185104b7d6a121cbb993b896f20c1a75c56,liuyao_title,filename_only,txt_decodable_sample,encoding_candidate=utf-8-sig;bytes_sampled=65536,
六爻用神答疑（51页）王虎应.top.doc,.doc,379904,3f8243c079303e832fc6e85b9377deb96fb6c8e203b4a6b66a5a49aa5f72cf47,liuyao_title,filename_only,legacy_ole_document,binary Office format; text conversion pending,
六爻的技法与运用——王虎应.doc,.doc,68096,7f793c34a0019b728afcab8f31eb4abb021d967d4761e5048feb3dbcee7c8843,liuyao_title,filename_only,legacy_ole_document,binary Office format; text conversion pending,
六爻真传一句话.doc,.doc,71680,c9632d11ee348ad40b6d5df7d2d94b8008e0b86c9b342064fd869ed5e7fc4063,liuyao_title,filename_only,legacy_ole_document,binary Office format; text conversion pending,
六爻秘法点窍 贾秉然著.pdf,.pdf,50524998,94608b7d2338c00b37a78068b6c15816d12ec01e05a9de09a8befb0a95ec21fe,liuyao_title,filename_only,pdf_no_text_in_sample,"pages=339;sample_pages=1,170,339;nonspace_chars=0,0,0",
六爻答疑..doc,.doc,398848,f50e530fb8bd2b08180b1607d3fbbcf387ee0bd542d38b93826709ebc92c0fc4,liuyao_title,filename_only,legacy_ole_document,binary Office format; text conversion pending,
六爻类象..txt,.txt,9356,1d1646540fde8ffd398ffb9971cd05f77226ec72eceea8c1bffcd81702cbd8ff,liuyao_title,filename_only,txt_decodable_sample,encoding_candidate=gb18030;bytes_sampled=9356,
六爻精彩卦例集 刘虹言.doc,.doc,564736,633b9cde7b95566eb42d19cd1a112744dfa1c2f0817b08d6e25a1eec4dc8b48b,liuyao_title,filename_only,legacy_ole_document,binary Office format; text conversion pending,
六爻解卦61要诀..doc,.doc,4851,ead74508e771ac1ae6f61fadb6aff62f485074a7641a70f3cc3f5231cc8898c7,liuyao_title,filename_only,unknown_signature,31a1a2b9d9bbafb2c6a3bad6b1b6c1bb,
六爻詳真..doc,.doc,475648,b429233f871e6f9501c2c4366d0b4368566e02518a04e54b7554ed60d97795da,liuyao_title,filename_only,legacy_ole_document,binary Office format; text conversion pending,
六爻详解.pdf,.pdf,49295212,1df86855451dbb3d27322d560c737ad0233b6181e50524ee3e233f9abd24615a,liuyao_title,filename_only,pdf_no_text_in_sample,"pages=169;sample_pages=1,85,169;nonspace_chars=0,0,0",
六爻阳宅风水断解讲义..txt,.txt,63364,fb3f0f6b3885b2f42b56685dddda20ce763ffbf05211c7c0a641f77b37258adb,mixed_title,filename_only,txt_decodable_sample,encoding_candidate=gb18030;bytes_sampled=63364,
六爻随笔 王虎应.doc,.doc,301056,ee5e2ab203d528f6bc0f13e1ec4d9e751760566183ac64a1f02ced765296bcb7,liuyao_title,filename_only,legacy_ole_document,binary Office format; text conversion pending,
六爻面授课堂笔记 张鼎..pdf,.pdf,2543229,4c5606470933a19b5cacac912ac48af15f1a8429313edd1e1ee30c09446a7310,liuyao_title,filename_only,pdf_no_text_in_sample,"pages=113;sample_pages=1,57,113;nonspace_chars=0,0,0",
六爻预测技术之初学者心得一 ..doc,.doc,308736,8a39760a63ea39f57e7e2032c28430dece5ef002c871c9ebaa03aa6656cfd5f5,liuyao_title,filename_only,legacy_ole_document,binary Office format; text conversion pending,
几种中医简便诊断法.pdf,.pdf,655758,b5b3d511e6967d12623f7836ee5baac237384e710fcdbd023fc9c9ae9a57bb41,adjacent_title,filename_only,pdf_no_text_in_sample,"pages=41;sample_pages=1,21,41;nonspace_chars=0,0,0",
副本(1)中国摇钱古卜讲义好..doc,.doc,1308160,9d0f74ae836dc9a66781c7a41e6582ac0c6776396d811827ccbcb0807c575591,liuyao_title,filename_only,legacy_ole_document,binary Office format; text conversion pending,
十二地支类象信息..doc,.doc,74240,2b83a97288bee792480a4b36a899bfcb060cf1c15596a513c7c2008797a9b836,review_title,filename_only,legacy_ole_document,binary Office format; text conversion pending,
十四个很准的心理暗示..doc,.doc,24067,3d34ed01549b149f08fe4630bb1ee275252bbe63a5c1186448cd270326a94ce5,adjacent_title,filename_only,legacy_ole_document,binary Office format; text conversion pending,
君子易系列丛书-六爻入门-解卦篇.doc,.doc,143360,30a87ad4535ee57b2358aa8b90ccb1a0c0d2597f95e5a8c7adc8c1ac4f55e836,liuyao_title,filename_only,legacy_ole_document,binary Office format; text conversion pending,
周易一卦多断点窍_李计忠着 页数297.pdf,.pdf,2792256,0d24a8a050c55b3dbaba8f5afc0d8e1e56ed3cd0e9467c803dfebd0bd3b6b746,review_title,filename_only,pdf_no_text_in_sample,"pages=26;sample_pages=1,14,26;nonspace_chars=0,0,0",
周易八卦六爻预测股票彩票.pdf,.pdf,10569292,28a9795fb124c092587e2db81990964543b33f8151be0af8175a43d97d94bcaf,liuyao_title,filename_only,pdf_no_text_in_sample,"pages=100;sample_pages=1,51,100;nonspace_chars=0,0,0",
周易六爻预测与股票.doc,.doc,62464,6c7605133d0f2374239f151c1dd35a138983ad4367a5dd4d697aea0b53e06fa3,liuyao_title,filename_only,legacy_ole_document,binary Office format; text conversion pending,
周易六爻预测婚姻断卦技法..doc,.doc,25088,333d7b723fdeee685ccacc056ccfc4f3f4e39e9fa5af51bccd2475061f177dcb,liuyao_title,filename_only,legacy_ole_document,binary Office format; text conversion pending,
周易天地的六爻预测股市..doc,.doc,67584,e725f6ed53c008d3d05c2a25e4b7a5fc6fb1b5fb18f0df209e3a6a51ca45c383,liuyao_title,filename_only,legacy_ole_document,binary Office format; text conversion pending,
周易的捷径 .txt,.txt,184517,b0d865f7721555ade7dee9d840367ed610ed00344b866109be775624821c2938,review_title,filename_only,txt_encoding_review,bytes_sampled=65536,
周易预测学讲义邵大师著作..pdf,.pdf,7760295,2c3d5ad71ffe160015b4fd230b051a8f133bf5146d822a9f00e5bd52b3336893,review_title,filename_only,pdf_no_text_in_sample,"pages=491;sample_pages=1,246,491;nonspace_chars=0,0,0",
天干地支(罗盘)十二长生表.doc,.doc,130560,38946c4b1a6884b14211e822fcadf2bc78e3897a5a8b4e64c41815374775b6cd,review_title,filename_only,legacy_ole_document,binary Office format; text conversion pending,
如何看面相(图解) ..doc,.doc,238082,fb35b6d5578d4113deb543e3724c14792624cec3187042b934606a31fd83eb9b,adjacent_title,filename_only,legacy_ole_document,binary Office format; text conversion pending,
实用六爻技法 .txt,.txt,2514,a51c222ef0a4ae200322ac751b73ad4c314ee9355da3e95ba9f7cebbbf81a19f,liuyao_title,filename_only,txt_decodable_sample,encoding_candidate=gb18030;bytes_sampled=2514,
实用的面相学(真人图解) ..doc,.doc,2562562,511f532eeccae5ceb6b97d353b92d902a986f2542fc3c1a46ba5e679659ea02b,adjacent_title,filename_only,legacy_ole_document,binary Office format; text conversion pending,
张成达八字六爻风水31册\01、张成达-八字预测讲座.pdf,.pdf,6302516,13077bfa4d5f5913e2da3a7b68987d11f1a395214688bdd86c5f25eaddf2ca53,adjacent_title,filename_only,pdf_no_text_in_sample,"pages=101;sample_pages=1,51,101;nonspace_chars=0,0,0",
张成达八字六爻风水31册\02、张成达-八字速断点窍.pdf,.pdf,4094549,68984f8ddf1f796f654ee48c5e3947d5cdd21e667d0d579f12a5f305b772b32d,adjacent_title,filename_only,pdf_no_text_in_sample,"pages=196;sample_pages=1,99,196;nonspace_chars=0,0,0",
张成达八字六爻风水31册\03、张成达-八字直断五十法.pdf,.pdf,964606,4f6af82e76298975ec92087f4f8ca2f3b155424d8bd0fffe3e4dd41dd054b43d,adjacent_title,filename_only,pdf_no_text_in_sample,"pages=13;sample_pages=1,7,13;nonspace_chars=0,0,0",
张成达八字六爻风水31册\05、张成达-盲师算命法.pdf,.pdf,690695,6ddcc9ca8819fdce1f7ffc771b72c79b90e285f37140b2ad86b14138eb1650e3,review_title,filename_only,pdf_no_text_in_sample,"pages=20;sample_pages=1,11,20;nonspace_chars=0,0,0",
张成达八字六爻风水31册\06、张成达-从八字里查《送替身》秘法.pdf,.pdf,832476,7fd805780f142a6ec5b77b6515bca3350744b83b955bdd0db95ffc26ef533909,adjacent_title,filename_only,pdf_no_text_in_sample,"pages=7;sample_pages=1,4,7;nonspace_chars=0,0,0",
张成达八字六爻风水31册\07、张成达-教您速断八字.pdf,.pdf,26106324,ca802c2800c638364c9ae4a9ce79f9753cd857ef93cb94a7910236e8a7d31413,adjacent_title,filename_only,pdf_no_text_in_sample,"pages=195;sample_pages=1,98,195;nonspace_chars=0,0,0",
张成达八字六爻风水31册\08、张成达-八卦取数断病法.pdf,.pdf,334375,38de944e7d670ac50e5f07fcdc3823d6a3dce0dd6e54c2bb88ade71752dd5b3f,review_title,filename_only,pdf_no_text_in_sample,"pages=6;sample_pages=1,4,6;nonspace_chars=0,0,0",
张成达八字六爻风水31册\09、张成达-从六爻里查《送五鬼》秘法.pdf,.pdf,291548,eb8fdd4af729a31ec33c8a4963c00ec1843011e92fcb190ba2fa81f830b5402f,liuyao_title,filename_only,pdf_no_text_in_sample,"pages=5;sample_pages=1,3,5;nonspace_chars=0,0,0",
张成达八字六爻风水31册\10、张成达-六爻活断点窍.pdf,.pdf,7618502,4acdf9862fc7901b84b92d8807a60ed2e35ebecb54805584cf134bedecd579bf,liuyao_title,filename_only,pdf_no_text_in_sample,"pages=320;sample_pages=1,161,320;nonspace_chars=0,0,0",
张成达八字六爻风水31册\11、张成达-六爻快速断卦法.pdf,.pdf,280309,f3f838d501b13572700a9a9c50254ba9121e820abfdbf17d558de29d745245c6,liuyao_title,filename_only,pdf_no_text_in_sample,"pages=5;sample_pages=1,3,5;nonspace_chars=0,0,0",
张成达八字六爻风水31册\12、张成达-六爻卦例说明.pdf,.pdf,9938016,f0b395cf34f5a0b2d6f96a7eceec26ff130665043e012176ae7e43e81e58c739,liuyao_title,filename_only,pdf_no_text_in_sample,"pages=256;sample_pages=1,129,256;nonspace_chars=0,0,0",
张成达八字六爻风水31册\13、张成达.张庆先-六壬金口诀大揭秘.pdf,.pdf,4671705,015a1166841fd954056354a0edd4a3b57ece54283ecba633d5b44867a5932182,adjacent_title,filename_only,pdf_no_text_in_sample,"pages=131;sample_pages=1,66,131;nonspace_chars=0,0,0",
张成达八字六爻风水31册\15、张成达-通灵感应断.pdf,.pdf,7721651,aee3b6e189946c284f738f430436baad618fdb9f34c12666bcd9ed7ba97f432b,review_title,filename_only,pdf_no_text_in_sample,"pages=328;sample_pages=1,165,328;nonspace_chars=0,0,0",
张成达八字六爻风水31册\16、张成达-通灵感应实例评点.pdf,.pdf,4652479,ea7022d2c2ee756eae3d4c93e100859c1a3ef1714eee15e82ef9d473a711a1fd,review_title,filename_only,pdf_no_text_in_sample,"pages=198;sample_pages=1,100,198;nonspace_chars=0,0,0",
张成达八字六爻风水31册\17、张成达-易灵.pdf,.pdf,24230955,76dbad3da755a5a21a924a3f74968d7335ef3f8cd8688a65adebff0be83d3fa5,review_title,filename_only,pdf_no_text_in_sample,"pages=130;sample_pages=1,66,130;nonspace_chars=0,0,0",
张成达八字六爻风水31册\18、张成达-玄空飞星速通法.pdf,.pdf,143864,962d6e4a7059fb58b4d74b0ab10dca57aed4a8c7e38cab32b6b3aced648d04d2,adjacent_title,filename_only,pdf_no_text_in_sample,"pages=4;sample_pages=1,3,4;nonspace_chars=0,0,0",
张成达八字六爻风水31册\19、张成达-玄空风水断事精解.pdf,.pdf,907478,2bb5df0dfba0ee669266ecc145d23d558b5abf23172660c4e85dbd9600522031,adjacent_title,filename_only,pdf_no_text_in_sample,"pages=25;sample_pages=1,13,25;nonspace_chars=0,0,0",
张成达八字六爻风水31册\20、张成达-玄空风水法理精解.pdf,.pdf,1065668,545d7ad09354a5f67a0ea8cf61b73ee55fb0a0d348af5049f84307a240d55574,adjacent_title,filename_only,pdf_no_text_in_sample,"pages=34;sample_pages=1,18,34;nonspace_chars=0,0,0",
张成达八字六爻风水31册\21、张成达-玄空风水勘宅实例精解.pdf,.pdf,7470992,c023e5fa85c69250330f17e6ca70336b9f55ee889fae82776992505ecf9a9299,adjacent_title,filename_only,pdf_no_text_in_sample,"pages=33;sample_pages=1,17,33;nonspace_chars=0,0,0",
张成达八字六爻风水31册\22、张成达-五鬼运财局密法.pdf,.pdf,225001,cda780c3663241b7882c63772132c41a0664725af9cb0fc8e5ae18a82ad9bd8f,review_title,filename_only,pdf_text_sample,"pages=9;sample_pages=1,5,9;nonspace_chars=7,409,578",
张成达八字六爻风水31册\23、张成达-青龙圆根阵秘法.pdf,.pdf,71918,3f9667ac272f93898365d3436bfea41fbd3ac4b395f54a08ddc08b100403dc3d,review_title,filename_only,pdf_no_text_in_sample,"pages=5;sample_pages=1,3,5;nonspace_chars=0,0,0",
张成达八字六爻风水31册\24、张成达-阳宅风水十日成.pdf,.pdf,9567679,efea90b92276d8f1e65ab4f23c5a2890d20d3e2dd4a506c1bc0561d4feca9a9b,adjacent_title,filename_only,pdf_no_text_in_sample,"pages=107;sample_pages=1,54,107;nonspace_chars=0,0,0",
张成达八字六爻风水31册\25、张成达-阴阳宅吉凶速断法.pdf,.pdf,765445,36c44ac5cc03a95fca66b2c2596e874149d5e0f5fbda1907265fa2384caeca54,adjacent_title,filename_only,pdf_no_text_in_sample,"pages=5;sample_pages=1,3,5;nonspace_chars=0,0,0",
张成达八字六爻风水31册\26、张成达-阴宅点窍系列教材.pdf,.pdf,5278261,7039f163e9ac05d7fe2cec2d453a353bb88b554f6625759aa8efc8dedd0669c3,adjacent_title,filename_only,pdf_no_text_in_sample,"pages=83;sample_pages=1,42,83;nonspace_chars=0,0,0",
张成达八字六爻风水31册\27、张成达-阴宅实用点窍.pdf,.pdf,4390952,ebe60362394d5dfe79af18a12e15460393362e83b0dcf5fda23ff9f9d2bf6945,adjacent_title,filename_only,pdf_no_text_in_sample,"pages=137;sample_pages=1,69,137;nonspace_chars=0,0,0",
张成达八字六爻风水31册\28、张成达-阴宅镇破大全（附六爻活断点窍）.pdf,.pdf,25779511,017d31e7a0f557baf02763c558c88ab447cd82add841b19c6bec6dc76e162f42,mixed_title,filename_only,pdf_no_text_in_sample,"pages=171;sample_pages=1,86,171;nonspace_chars=0,0,0",
张成达八字六爻风水31册\29、张成达-释解阴宅镇破大全.pdf,.pdf,411821,39d708cc3a37b6cafc16547cbb1d6057e3ef53f5aa9500ce356f48f42483bd04,adjacent_title,filename_only,pdf_no_text_in_sample,"pages=16;sample_pages=1,9,16;nonspace_chars=0,0,0",
张成达八字六爻风水31册\31、张成达-象数干支风水勘宅实例选.pdf,.pdf,660371,7f42d1f8ff9372e13448ad756574e4ef7d7e8eac1029d60e6bc8fd485d72d0c5,adjacent_title,filename_only,pdf_no_text_in_sample,"pages=15;sample_pages=1,8,15;nonspace_chars=0,0,0",
张鼎六爻高级技法..doc,.doc,276992,350b361675a53c1249037172b827a058b7d349e1342ee2a19c88491c75760a25,liuyao_title,filename_only,legacy_ole_document,binary Office format; text conversion pending,
李计忠-一卦多断诀窍(上)  .doc,.doc,264192,96d7aa4610fcf6b07a489e1111e3ebcb9f56a4491f02a903533d4ebc4c7c0cce,review_title,filename_only,legacy_ole_document,binary Office format; text conversion pending,
李计忠-一卦多断诀窍(中)  .doc,.doc,427008,775365846cc4d1259e273ba92e02a02348ac488f6512f1b8a9193454ad07c59d,review_title,filename_only,legacy_ole_document,binary Office format; text conversion pending,
李计忠卦例欣赏..rar,.rar,244950,ca268b4f551db19527b1cddacec32c00c0d6ac0ee99b2025153cb67564e6674b,liuyao_title,filename_only,rar_archive,archive members not inventoried,
汶德卦技二十法和案例绝窍(完整版）.doc,.doc,398848,8001e44cbecf6edb6657203e41c3ad0509a09977097a126d396737b189518b71,review_title,filename_only,legacy_ole_document,binary Office format; text conversion pending,
王虎应-六爻趋吉化解密传..doc,.doc,345088,41d72d955a6bf65fb219ee5242c5d1738c199b79544fe3f438e8d186f88d9901,liuyao_title,filename_only,legacy_ole_document,binary Office format; text conversion pending,
笑傲千年六爻(1)  ..pdf,.pdf,9787166,418ed259a7c8679c8861b6a92a6bfb1095f8a2bf1c4965349f5d0e5e54d414c0,liuyao_title,filename_only,pdf_no_text_in_sample,"pages=137;sample_pages=1,69,137;nonspace_chars=0,0,0",
经理讲堂-易经(终稿)201005..ppt,.ppt,13312002,62b5ef46caefe64e5ea761d2209101a36efca6ed30650c284f106a77f4a437fe,review_title,filename_only,legacy_ole_document,binary Office format; text conversion pending,
艾灸养生祛病法..pdf,.pdf,2648006,00ab6529e464c4d7724c20a07311abd0dbe28941c1af38a1ca8bcde37cbfa38f,adjacent_title,filename_only,pdf_text_sample,"pages=224;sample_pages=1,113,224;nonspace_chars=15,0,0",
让你拥有超常记忆力的小习惯 .txt,.txt,3418,c914f63b83bbe236de7a9d90fe7adb598f62c9e084a523e6d92f67802cc65015,adjacent_title,filename_only,txt_decodable_sample,encoding_candidate=gb18030;bytes_sampled=3418,
许心友六爻..doc,.doc,37888,08f2762700336386df2fee08a47b3bed6f2f3b40299b37fd56f925394a96949a,liuyao_title,filename_only,legacy_ole_document,binary Office format; text conversion pending,
超级记忆法完整篇.doc,.doc,351235,5f25e0fad7eafcd36bd56a948e30fc8a2876e5eb35da6f95bb25c60aaab28f1d,adjacent_title,filename_only,legacy_ole_document,binary Office format; text conversion pending,
边读边悟《易经》  ..pdf,.pdf,5375700,70234b89caf0f80175d3120e05e30514ebbd8e2b1276b9547d840f5c6f0567fe,review_title,filename_only,pdf_text_sample,"pages=325;sample_pages=1,163,325;nonspace_chars=0,0,12",
邵伟华六爻预测学批注版.doc,.doc,1152513,56449d3ffae12053288e61910363d9d8e0316e92b776ceca656f46037b953096,liuyao_title,filename_only,legacy_ole_document,binary Office format; text conversion pending,
邵伟华周易预测学(上)  .doc,.doc,559618,76ffe2464139e19b8d8d867d2f5012e51168359820479b5e4fe94ee98b08f9f4,review_title,filename_only,legacy_ole_document,binary Office format; text conversion pending,
邵伟华周易预测学(下)  ..pdf,.pdf,649461,e6fc8612e9556a092d8235e98dfea717db9a7e4e821e3c3b74207377c85ae2aa,review_title,filename_only,pdf_text_sample,"pages=23;sample_pages=1,12,23;nonspace_chars=752,962,187",
邵伟华四柱预测学入门(陈园) ..doc,.doc,561665,76a2e89f2af3b534153df7069602ea991410a424a08a6619898fdffb61e3d6c5,adjacent_title,filename_only,legacy_ole_document,binary Office format; text conversion pending,
鋈子六爻预测技术答疑100问(排版)..doc,.doc,271872,66f37ba844e033a81a50e899992b704e582ccbc4b6cb7600e20f14f5e83c6784,liuyao_title,filename_only,legacy_ole_document,binary Office format; text conversion pending,
黎光先生高层断法破解.doc,.doc,188416,158adf7dc6d986c78047ea6c8b6a49a55c02e9dba244fbf7fa182bfa92161c5f,review_title,filename_only,legacy_ole_document,binary Office format; text conversion pending,
黎光－六爻预测学.pdf,.pdf,6067866,e55cc1b1339ad51323b4a704b9af080c1da6ab9e1e253721e961ab4a0f442cf5,liuyao_title,filename_only,pdf_no_text_in_sample,"pages=480;sample_pages=1,241,480;nonspace_chars=0,0,0",
（李顺祥）六爻玄机-八卦推断详解.pdf,.pdf,13834701,df70ab775e1f9b06aa6b32f8a0efed42075c1b022c7258cc03c755314c1e497a,liuyao_title,filename_only,pdf_no_text_in_sample,"pages=346;sample_pages=1,174,346;nonspace_chars=0,0,0",
